7,QuisqueUt.avi
15,EstQuamPharetra.xls
4,In.jpeg
10,UtMaurisEget.jpeg
7,PedeVenenatisNon.doc
19,InFaucibusOrci.ppt
13,Aliquet.xls
5,EgetElit.png
5,Ut.ppt
7,SitAmet.pdf
13,EgetVulputateUt.mp3
19,Tortor.avi
12,NibhFusceLacus.tiff
3,TortorDuisMattis.mpeg
19,JustoNecCondimentum.txt
4,NonInterdumIn.mp3
3,FaucibusOrci.xls
2,FelisSed.avi
14,Nulla.xls
20,Bibendum.tiff
10,Odio.doc
15,Mi.avi
5,PretiumNisl.xls
15,Duis.tiff
18,NamTristique.jpeg
13,Aenean.jpeg
1,ElementumLigulaVehicula.xls
20,EgetRutrumAt.png
19,AcNibh.xls
6,PedeJusto.tiff
4,InQuis.doc
17,NullamSitAmet.xls
9,NullaSedVel.mp3
15,ImperdietSapienUrna.ppt
11,Nullam.mpeg
4,PotentiIn.tiff
10,VolutpatQuamPede.jpeg
20,Habitasse.pdf
10,Tortor.jpeg
5,ScelerisqueQuamTurpis.ppt